{
    "pagina": {
      "titulo": "Crie Sua Conta",
      "favicon": "Logo(projeto desemprego).png"
    },
    "secaoEsquerda": {
      "titulo": "Crie<br>Sua Conta",
      "paragrafo": "Complete o Formulário Para Fazer o seu cadastro no site Nova Chance",
      "link": {
        "texto": "Criar conta como empregador",
        "href": "pagina_de_criar_conta.html"
      }
    },
    "formulario": {
      "campos": [
        {
          "tipo": "text",
          "placeholder": "Nome de Empresa *",
          "required": true
        },
        {
          "tipo": "text",
          "placeholder": "CNPJ *",
          "required": true
        },
        {
          "tipo": "text",
          "placeholder": "Telefone *",
          "required": true
        },
        {
          "tipo": "email",
          "placeholder": "Gmail *",
          "required": true
        },
        {
          "tipo": "url",
          "placeholder": "Link de Rede Social"
        },
        {
          "tipo": "password",
          "placeholder": "Senha *",
          "required": true
        },
        {
          "tipo": "password",
          "placeholder": "Confirmar Senha *",
          "required": true
        }
      ],
      "botao": {
        "texto": "Enviar",
        "classe": "submit-button"
      }
    }
  }