{
    "pagina": {
      "titulo": "Login",
      "favicon": "Logo(projeto desemprego).png"
    },
    "formulario": {
      "titulo": "Login",
      "campos": [
        {
          "tipo": "email",
          "id": "email",
          "rotulo": "Gmail *",
          "placeholder": "Digite seu Gmail",
          "obrigatorio": true
        },
        {
          "tipo": "password",
          "id": "password",
          "rotulo": "Senha *",
          "placeholder": "Digite sua senha",
          "obrigatorio": true
        },
        {
          "tipo": "password",
          "id": "confirm-password",
          "rotulo": "Confirmar Senha *",
          "placeholder": "Confirme sua senha",
          "obrigatorio": true
        }
      ],
      "botao": {
        "texto": "Login",
        "classe": "login-button"
      }
    }
  }