{
  "pagina": {
    "titulo": "Premium - Nova Chance",
    "favicon": "../Downloads/logo - nova chance .png"
  },
  "header": {
    "logo": "../Downloads/logo - nova chance .png",
    "tituloArea": "Área Premium",
    "menu": [
      {
        "texto": "Início",
        "href": "dashboard.html"
      },
      {
        "texto": "Perfil",
        "href": "perfil.html"
      },
      {
        "texto": "Configurações",
        "href": "configuracoes.html"
      },
      {
        "texto": "Premium",
        "href": "premium.html",
        "classe": "active"
      }
    ]
  },
  "secaoInfo": {
    "titulo": "Benefícios Exclusivos",
    "paragrafo": "Assine nossa área Premium e tenha acesso a recursos exclusivos, conteúdos especiais e suporte personalizado.",
    "beneficios": [
      "Acesso antecipado a novos recursos",
      "Conteúdo exclusivo e atualizações premium",
      "Suporte prioritário e personalizado",
      "Descontos especiais em nossos serviços"
    ]
  },
  "secaoPlanos": {
    "titulo": "Planos e Preços",
    "planos": [
      {
        "tipo": "Mensal",
        "preco": "R$ 29,90/mês",
        "detalhes": [
          "Todos os benefícios Premium",
          "Acesso imediato",
          "Cancelamento a qualquer momento"
        ],
        "botao": "Assine Agora"
      },
      {
        "tipo": "Anual",
        "preco": "R$ 299,90/ano",
        "detalhes": [
          "Todos os benefícios Premium",
          "Acesso imediato",
          "Economia de 15% em relação ao plano mensal"
        ],
        "botao": "Assine Agora"
      }
    ]
  },
  "footer": {
    "texto": "&copy; 2025 Nova Chance. Todos os direitos reservados."
  }
}