{
  "pagina": {
    "titulo": "Perfil - Nova Chance",
    "favicon": "../Downloads/logo - nova chance .png"
  },
  "header": {
    "logo": "../Downloads/logo - nova chance .png",
    "tituloPagina": "Meu Perfil",
    "menu": [
      {
        "texto": "Início",
        "href": "dashboard.html"
      },
      {
        "texto": "Perfil",
        "href": "perfil.html",
        "classe": "active"
      },
      {
        "texto": "Configurações",
        "href": "configuracoes.html"
      },
      {
        "texto": "Suporte",
        "href": "suporte.html"
      }
    ]
  },
  "cartaoPerfil": {
    "avatar": "../Downloads/avatar-placeholder.png",
    "nomeUsuario": "Nome do Usuário",
    "email": "usuario@exemplo.com",
    "empresa": "Exemplo Ltda."
  },
  "detalhesPerfil": {
    "titulo": "Detalhes do Perfil",
    "formulario": {
      "campos": [
        {
          "tipo": "text",
          "id": "nome",
          "nome": "nome",
          "placeholder": "Digite seu nome",
          "valor": "Nome do Usuário",
          "label": "Nome:",
          "required": true
        },
        {
          "tipo": "email",
          "id": "email",
          "nome": "email",
          "placeholder": "Digite seu email",
          "valor": "usuario@exemplo.com",
          "label": "Email:",
          "required": true
        },
        {
          "tipo": "text",
          "id": "empresa",
          "nome": "empresa",
          "placeholder": "Digite o nome da empresa",
          "valor": "Exemplo Ltda.",
          "label": "Empresa:"
        },
        {
          "tipo": "tel",
          "id": "telefone",
          "nome": "telefone",
          "placeholder": "Digite seu telefone",
          "valor": "(11) 1234-5678",
          "label": "Telefone:"
        }
      ],
      "botao": {
        "texto": "Atualizar Perfil",
        "classe": "update-btn"
      }
    }
  },
  "footer": {
    "texto": "&copy; 2025 Nova Chance. Todos os direitos reservados."
  }
}